Id,Name,Shape Library,Page ID,Contained By,Group,Line Source,Line Destination,Source Arrow,Destination Arrow,Status,Text Area 1,Text Area 2,Comments
1,Document,,,,,,,,,Draft,Kontor,,
2,Page,,,,,,,,,,Metaprotocol Architecture,,
3,Database,Flowchart Shapes/Containers,2,,,,,,,,Blocks,,
4,Database,Flowchart Shapes/Containers,2,,,,,,,,Blocks,,
5,Process,Flowchart Shapes/Containers,2,,,,,,,,Bitcoin Core,,
6,Process,Flowchart Shapes/Containers,2,,,,,,,,Bitcoin Core,,
7,Database,Flowchart Shapes/Containers,2,,,,,,,,Bitcoin Core State,,
8,Process,Flowchart Shapes/Containers,2,,,,,,,,Miners,,
9,Process,Flowchart Shapes/Containers,2,,,,,,,,Kontor Core,,
10,Database,Flowchart Shapes/Containers,2,,,,,,,,Kontor Core State,,
11,Process,Flowchart Shapes/Containers,2,,,,,,,,Kontor Core,,
12,Curly brace note,Flowchart Shapes/Containers,2,,,,,,,,Local,,
13,Curly brace note,Flowchart Shapes/Containers,2,,,,,,,,Network,,
14,Database,Flowchart Shapes/Containers,2,,,,,,,,Bitcoin Core State,,
15,Database,Flowchart Shapes/Containers,2,,,,,,,,Kontor Core State,,
16,Line,,2,,,6,11,None,Arrow,,Parsing,,
17,Line,,2,,,4,6,None,Arrow,,Parsing,,
18,Line,,2,,,3,5,None,Arrow,,Parsing,,
19,Line,,2,,,5,7,None,Arrow,,,,
20,Line,,2,,,6,14,None,Arrow,,,,
21,Line,,2,,,5,9,None,Arrow,,Parsing,,
22,Line,,2,,,9,10,None,Arrow,,,,
23,Line,,2,,,11,15,None,Arrow,,,,
24,Line,,2,,,5,8,None,Arrow,,,,
25,Line,,2,,,6,8,None,Arrow,,,,
26,Line,,2,,,8,4,None,Arrow,,,,
27,Line,,2,,,8,3,None,Arrow,,,,
28,Line,,2,,,9,8,None,None,,Transactions,,
29,Line,,2,,,11,8,None,Arrow,,,,
30,Page,,,,,,,,,,Metaprotocol Architecture (One-Side),,
31,Database,Flowchart Shapes/Containers,30,,,,,,,,Blocks,,
32,Process,Flowchart Shapes/Containers,30,,,,,,,,Bitcoin Core,,
33,Database,Flowchart Shapes/Containers,30,,,,,,,,Bitcoin Core State,,
34,Process,Flowchart Shapes/Containers,30,,,,,,,,Miners,,
35,Process,Flowchart Shapes/Containers,30,,,,,,,,Kontor Core,,
36,Database,Flowchart Shapes/Containers,30,,,,,,,,Kontor Core State,,
37,Curly brace note,Flowchart Shapes/Containers,30,,,,,,,,Local,,
38,Curly brace note,Flowchart Shapes/Containers,30,,,,,,,,Network,,
39,Line,,30,,,31,32,None,Arrow,,Parsing,,
40,Line,,30,,,32,33,None,Arrow,,,,
41,Line,,30,,,32,35,None,Arrow,,Parsing,,
42,Line,,30,,,35,36,None,Arrow,,,,
43,Line,,30,,,32,34,None,Arrow,,,,
44,Line,,30,,,34,31,None,Arrow,,,,
45,Line,,30,,,35,34,None,Arrow,,Transactions,,
46,Page,,,,,,,,,,Kontor Arch.,,
47,Process,Flowchart Shapes/Containers,46,,,,,,,,Data Storage Network,,
48,Process,Flowchart Shapes/Containers,46,,,,,,,,Nakamoto Consensus,,
49,Process,Flowchart Shapes/Containers,46,,,,,,,,UTXOs,,
50,Process,Flowchart Shapes/Containers,46,,,,,,,,Data Encoding,,
51,Process,Flowchart Shapes/Containers,46,,,,,,,,,,
52,Curly brace note,Flowchart Shapes/Containers,46,,,,,,,,Kontor Protocol,,
53,Curly brace note,Flowchart Shapes/Containers,46,,,,,,,,Bitcoin Protocol,,
54,Process,Flowchart Shapes/Containers,46,,,,,,,,Token Interface,,
55,Block,Standard,46,,,,,,,,Smart Contracts,,
56,Line,,46,,,51,50,Arrow,Arrow,,,,
57,Line,,46,,,49,48,Arrow,Arrow,,,,
58,Line,,46,,,50,49,Arrow,Arrow,,,,
59,Line,,46,,,54,49,Arrow,Arrow,,UTXO Binding,,
60,Line,,46,,,49,49,Arrow,Arrow,,Bitcoin Interoperability (Atomic Swaps),,
61,Line,,46,,,51,47,None,Arrow,,Pointer to Persistent Data Object,,
62,Line,,46,,,47,51,None,Arrow,,Data Availability Proofs,,
63,Line,,46,,,48,47,None,Arrow,,Data Availability Challenges,,
64,Page,,,,,,,,,,Atomic Swaps,,
65,Process,Flowchart Shapes/Containers,64,,,,,,,,Kontor,,
66,Process,Flowchart Shapes/Containers,64,,,,,,,,Counterparty,,
67,Process,Flowchart Shapes/Containers,64,,,,,,,,UTXO Land,,
68,Process,Flowchart Shapes/Containers,64,,,,,,,,DARTT,,
69,Process,Flowchart Shapes/Containers,64,,,,,,,,Ordinals,,
70,MinimalTextBlock,Standard,64,,,,,,,,Atomic Swaps,,
71,MinimalTextBlock,Standard,64,,,,,,,,Attach / Detach,,
72,MinimalTextBlock,Standard,64,,,,,,,,Smart Contracts,,
73,MinimalTextBlock,Standard,64,,,,,,,,Payments,,
74,MinimalTextBlock,Standard,64,,,,,,,,Metaprotocols,,
75,MinimalTextBlock,Standard,64,,,,,,,,Bitcoin,,
76,Process,Flowchart Shapes/Containers,64,,,,,,,,DARTT,,
77,Process,Flowchart Shapes/Containers,64,,,,,,,,XCP,,
78,Process,Flowchart Shapes/Containers,64,,,,,,,,XCP,,
79,Process,Flowchart Shapes/Containers,64,,,,,,,,KOR,,
80,Process,Flowchart Shapes/Containers,64,,,,,,,,Runes,,
81,Process,Flowchart Shapes/Containers,64,,,,,,,,BTC,,
82,Process,Flowchart Shapes/Containers,64,,,,,,,,KOR,,
83,Line,,64,,,68,76,Arrow,Arrow,,,,
84,Line,,64,,,77,78,Arrow,Arrow,,,,
85,Line,,64,,,78,80,Generalization,Generalization,,,,
86,Line,,64,,,76,69,Generalization,Generalization,,,,
87,Line,,64,,,79,82,None,Arrow,,,,
88,Line,,64,,,82,81,Generalization,Generalization,,,,
89,Page,,,,,,,,,,UL Synergy 1,,
90,Block,Standard,89,,,,,,,,Horizon Market,,
91,Block,Standard,89,,,,,,,,Horizon Wallet,,
92,Connector,Flowchart Shapes/Containers,89,,,,,,,,Counterparty,,
93,Connector,Flowchart Shapes/Containers,89,,,,,,,,Kontor,,
94,Connector,Flowchart Shapes/Containers,89,,,,,,,,Ordinals Runes Etc.,,
95,Line,,89,,,,91,None,Arrow,,Users,,
96,Line,,89,,,91,93,None,Arrow,,,Onboarding,
97,Line,,89,,,92,93,None,Arrow,,Airdrop,,
98,Line,,89,,,90,93,None,Arrow,,Atomic Swap for KOR,,
99,Line,,89,,,91,92,None,Arrow,,Users,,
100,Line,,89,,,92,90,None,Arrow,,Users,,
101,Line,,89,,,94,90,None,Arrow,,Users,,
102,Page,,,,,,,,,,Kontor User Acquisition,,
103,Block,Standard,102,,,,,,,,,,
104,Connector,Flowchart Shapes/Containers,102,,,,,,,,Kontor,,
105,MinimalTextBlock,Standard,102,,,,,,,,Horizon Suite,,
106,Block,Standard,102,,,,,,,,IaaS,,
107,Block,Standard,102,,,,,,,,Market,,
108,Block,Standard,102,,,,,,,,Wallet,,
109,Block,Standard,102,,,,,,,,,,
110,MinimalTextBlock,Standard,102,,,,,,,,Bitcoin and L2s,,
111,Block,Standard,102,,,,,,,,Ordinals,,
112,Block,Standard,102,,,,,,,,Counterparty,,
113,Block,Standard,102,,,,,,,,Bitcoin,,
114,Line,,102,,,109,103,None,Arrow,,Users,,
115,Line,,102,,,103,104,None,Arrow,,Users,,
116,Line,,102,,,109,104,None,Arrow,,KOR Airdrop,,
117,Line,,102,,,111,112,Equilateral Arrow,Equilateral Arrow,,,,
118,Line,,102,,,112,113,Equilateral Arrow,Equilateral Arrow,,,,
119,Page,,,,,,,,,,UL Stack,,
120,Connector,Flowchart Shapes/Containers,119,,,,,,,,BTC,,
121,Connector,Flowchart Shapes/Containers,119,,,,,,,,Colored Coins,,
122,Connector,Flowchart Shapes/Containers,119,,,,,,,,Counterparty Assets  Kontor Assets,,
123,Process,Flowchart Shapes/Containers,119,,,,,,,,Horizon Market Market Making,,
124,Process,Flowchart Shapes/Containers,119,,,,,,,,Horizon Wallet Atomic Swaps,,
125,Process,Flowchart Shapes/Containers,119,,,,,,,,Counterparty / Kontor Bitcoin Metaprotocol,,
126,Process,Flowchart Shapes/Containers,119,,,,,,,,Horizon API  IaaS,,
127,Block,Standard,119,,,,,,,,Unspendable Labs,,
128,Process,Flowchart Shapes/Containers,119,,,,,,,,DARTT Art Token Standard,,
129,Process,Flowchart Shapes/Containers,119,,,,,,,,Kontor Data Storage Network,,
130,DividerBlock,,119,,,,,,,,,,
131,Line,,119,,,122,121,Arrow,Arrow,,,,
132,Line,,119,,,120,122,Arrow,Arrow,,,,
133,Line,,119,,,121,120,Arrow,Arrow,,,,
134,Page,,,,,,,,,,Business,,
135,User Image,User Images,134,,,,,,,,,,
136,Block,Standard,134,,,,,,,,,,
137,MinimalTextBlock,Standard,134,,,,,,,,Horizon,,
138,Block,Standard,134,,,,,,,,,,
139,MinimalTextBlock,Standard,134,,,,,,,,IaaS,,
140,Block,Standard,134,,,,,,,,,,
141,MinimalTextBlock,Standard,134,,,,,,,,Market,,
142,Block,Standard,134,,,,,,,,,,
143,MinimalTextBlock,Standard,134,,,,,,,,Wallet,,
144,Block,Standard,134,,,,,,,,MagicEden,,
145,Block,Standard,134,,,,,,,,OpenSea,,
146,Block,Standard,134,,,,,,,,OpenSea,,
147,Block,Standard,134,,,,,,,,Xverse,,
148,Block,Standard,134,,,,,,,,Wintermute,,
149,Block,Standard,134,,,,,,,,Ardrive/Estuary,,
150,Block,Standard,134,,,,,,,,Blockcypher,,
151,Page,,,,,,,,,,Kontor Data Storage Network,,
152,Process,Flowchart Shapes/Containers,151,,,,,,,,Bitcoin Blockchain,,
153,Connector,Flowchart Shapes/Containers,151,,,,,,,,Storage Node,,
154,Connector,Flowchart Shapes/Containers,151,,,,,,,,Storage Node,,
155,Connector,Flowchart Shapes/Containers,151,,,,,,,,Storage Node,,
156,Connector,Flowchart Shapes/Containers,151,,,,,,,,User,,
157,Block,Standard,151,,,,,,,,Horizon Market,,
158,Block,Standard,151,,,,,,,,Kontor Data Storage Network,,
159,Line,,151,,,155,152,None,Arrow,,5. Post Bond,,
160,Line,,151,,,156,152,None,Arrow,,4. Publish Data Digest,,
161,Line,,151,,,156,155,None,Arrow,,3. Publish Data to Storage Network,,
162,Line,,151,,,156,157,None,Arrow,,Send BTC,,
163,Line,,151,,,157,156,None,Arrow,,2. Receive KOR,,
164,Line,,151,,,152,152,None,Arrow,,6. Generate Challenge from Block Hash,,
165,Line,,151,,,155,152,None,Arrow,,7. Publish Response,,
166,Page,,,,,,,,,,Kontor Data Storage Protocol,,
167,Process,Flowchart Shapes/Containers,166,,,,,,,,Bitcoin Blockchain,,
168,Connector,Flowchart Shapes/Containers,166,,,,,,,,Storage User,,
169,Block,Standard,166,,,,,,,,Storage Portal,,
170,Connector,Flowchart Shapes/Containers,166,,,,,,,,Storage Nodes,,
171,Connector,Flowchart Shapes/Containers,166,,,,,,,,Kontor Nodes,,
172,Line,,166,,,169,167,None,Arrow,,8. Broadcast Storage Agreement,,
173,Line,,166,,,167,167,None,Arrow,,10. Mine Block,,
174,Line,,166,,,170,167,None,Arrow,,13. Broadcast Storage Proof ,,
175,Line,,166,,,168,168,None,Arrow,,Generate File EC Codes,2. Generate File Tags,
176,Line,,166,,,168,169,None,Arrow,,3. Upload File to Portal,,
177,Line,,166,,,169,170,None,Arrow,,4 . Distribute File ,,
178,Line,,166,,,169,169,None,Arrow,,5. Generate Agreement,,
179,Line,,166,,,168,169,None,Arrow,,6. Sign Agreement  7. Pay Storage Fee,,
180,Line,,166,,,170,169,None,Arrow,,6. Sign Agreement 7. Escrow KOR,,
181,Line,,166,,,170,170,None,Arrow,,12. Generate Storage Proof,,
182,Line,,166,,,167,167,Arrow,None,,9. Confirm Storage Agreement,,
183,Line,,166,,,167,171,None,Arrow,,7. Process Storage Agreement,,
184,Line,,166,,,167,171,None,Arrow,,,,
185,Line,,166,,,171,171,None,Arrow,,11. Generate Storage Challenge,14. Validate Storage Proofs 15. Process Expired Challenges,
186,Page,,,,,,,,,,Kontor Node Architecture,,
187,Process,Flowchart Shapes/Containers,186,,,,,,,,,,
188,Database,Flowchart Shapes/Containers,186,,,,,,,,Storage DB,,
189,Database,Flowchart Shapes/Containers,186,,,,,,,,State DB,,
190,Connector,Flowchart Shapes/Containers,186,,,,,,,,Reactor,,
191,Process,Flowchart Shapes/Containers,186,,,,,,,,Contract Runner,,
192,Process,Flowchart Shapes/Containers,186,,,,,,,,Fetcher / Follower Reconciler,,
193,Block,Standard,186,,,,,,,,Peers,,
194,Block,Standard,186,,,,,,,,Client,,
195,Block,Standard,186,,,,,,,,SDK,,
196,Process,Flowchart Shapes/Containers,186,,,,,,,,Storage Module,,
197,Process,Flowchart Shapes/Containers,186,,,,,,,,Storage Module,,
198,Process,Flowchart Shapes/Containers,186,,,,,,,,Async Response Server,,
199,Block,Standard,186,,,,,,,,Client,,
200,Process,Flowchart Shapes/Containers,186,,,,,,,,Bitcoin,,
201,MinimalTextBlock,Standard,186,,,,,,,,Kontor Node,,
202,Line,,186,,,188,196,Arrow,Arrow,,,,
203,Line,,186,,,196,197,Arrow,Arrow,,,,
204,Line,,186,,,189,197,None,Arrow,,,,
205,Line,,186,,,190,189,None,Arrow,,,,
206,Line,,186,,,191,189,None,Arrow,,,,
207,Line,,186,,,192,190,None,Arrow,,,,
208,Line,,186,,,196,193,None,Arrow,,,,
209,Line,,186,,,197,194,None,Arrow,,,,
210,Line,,186,,,197,195,None,Arrow,,,,
211,Line,,186,,,190,198,None,Arrow,,,,
212,Line,,186,,,198,199,None,Arrow,,,,
213,Line,,186,,,200,192,None,Arrow,,RPC,,
214,Line,,186,,,200,192,None,Arrow,,ZeroMQ,,
215,Line,,186,,,195,200,Arrow,Arrow,,,,
216,Page,,,,,,,,,,Call Tx,,
217,MinimalTextBlock,Standard,216,,236,,,,,,Commit Transaction,,
218,Block,Standard,216,,238,,,,,,,,
219,DividerBlock,,216,,238,,,,,,,,
220,MinimalTextBlock,Standard,216,,237,,,,,,Inputs,,
221,MinimalTextBlock,Standard,216,,237,,,,,,Outputs,,
222,MinimalTextBlock,Standard,216,,239,,,,,,Reveal Transaction,,
223,Block,Standard,216,,241,,,,,,,,
224,DividerBlock,,216,,241,,,,,,,,
225,MinimalTextBlock,Standard,216,,240,,,,,,Inputs,,
226,MinimalTextBlock,Standard,216,,240,,,,,,Outputs,,
227,Block,Standard,216,,,,,,,,ScriptPubKey,,
228,Block,Standard,216,,,,,,,,,,
229,Block,Standard,216,,,,,,,,Change,,
230,Block,Standard,216,,,,,,,,Funding Input,,
231,Block,Standard,216,,,,,,,,x-only public key,,
232,Block,Standard,216,,,,,,,,CONTRACT CALL,,
233,MinimalTextBlock,Standard,216,,,,,,,,Script,,
234,Line,,216,,,227,228,None,Arrow,,Script Path Spend,,
235,Line,,216,,,230,227,None,Arrow,,,,
236,Group 1,,216,,,,,,,,,,
237,Group 2,,216,,236,,,,,,,,
238,Group 3,,216,,237,,,,,,,,
239,Group 4,,216,,,,,,,,,,
240,Group 5,,216,,239,,,,,,,,
241,Group 6,,216,,240,,,,,,,,
242,Page,,,,,,,,,,Swap Tx,,
243,Block,Standard,242,,,,,,,,,,
244,DividerBlock,,242,,,,,,,,,,
245,MinimalTextBlock,Standard,242,,,,,,,,Inputs,,
246,Block,Standard,242,,,,,,,,,,
247,MinimalTextBlock,Standard,242,,,,,,,,Outputs,,
248,DividerBlock,,242,,,,,,,,,,
249,MinimalTextBlock,Standard,242,,,,,,,,Commit Transaction,,
250,Block,Standard,242,,,,,,,,,,
251,DividerBlock,,242,,,,,,,,,,
252,MinimalTextBlock,Standard,242,,,,,,,,Inputs,,
253,MinimalTextBlock,Standard,242,,,,,,,,Inputs,,
254,MinimalTextBlock,Standard,242,,,,,,,,Outputs,,
255,MinimalTextBlock,Standard,242,,,,,,,,Reveal Transaction,,
256,MinimalTextBlock,Standard,242,,,,,,,,Outputs,,
257,Block,Standard,242,,,,,,,,,,
258,DividerBlock,,242,,,,,,,,,,
259,MinimalTextBlock,Standard,242,,,,,,,,Inputs,,
260,Block,Standard,242,,,,,,,,,,
261,DividerBlock,,242,,,,,,,,,,
262,MinimalTextBlock,Standard,242,,,,,,,,Outputs,,
263,Block,Standard,242,,,,,,,,ScriptPubKey,,
264,Block,Standard,242,,,,,,,,,,
265,Block,Standard,242,,,,,,,,ScriptPubKey,,
266,MinimalTextBlock,Standard,242,,,,,,,,Reveal Transaction,,
267,Block,Standard,242,,,,,,,,Funding Input,,
268,Block,Standard,242,,,,,,,,x-only public key,,
269,Block,Standard,242,,,,,,,,ATTACH PAYLOAD,,
270,MinimalTextBlock,Standard,242,,,,,,,,Script,,
271,Block,Standard,242,,,,,,,,,,
272,Block,Standard,242,,,,,,,,x-only public key,,
273,Block,Standard,242,,,,,,,,DETACH PAYLOAD,,
274,MinimalTextBlock,Standard,242,,,,,,,,Script,,
275,MinimalTextBlock,Standard,242,,,,,,,,Attach,,
276,MinimalTextBlock,Standard,242,,,,,,,,Detach,,
277,Block,Standard,242,,,,,,,,Change,,
278,Block,Standard,242,,,,,,,,Funding Input,,
279,Block,Standard,242,,,,,,,,,,
280,Block,Standard,242,,,,,,,,Price Output,,
281,Block,Standard,242,,,,,,,,x-only public key,,
282,Block,Standard,242,,,,,,,,SWAP,,
283,MinimalTextBlock,Standard,242,,,,,,,,Script,,
284,Block,Standard,242,,,,,,,,OP_RETURN x-only public key,,
285,MinimalTextBlock,Standard,242,,,,,,,,Swap,,
286,Block,Standard,242,,,,,,,,Funding Input,,
287,Block,Standard,242,,,,,,,,Change,,
288,MinimalTextBlock,Standard,242,,,,,,,,Reveal Transaction,,
289,Curly brace note,Flowchart Shapes/Containers,242,,,,,,,,Seller PSBT,,
290,Curly brace note,Flowchart Shapes/Containers,242,,,,,,,,Buyer Inputs and Outputs,,
291,Block,Standard,242,,,,,,,,OP_RETURN x-only public key,,
292,Block,Standard,242,,,,,,,,Change,,
293,Line,,242,,,263,264,None,Arrow,,Script Path Spend,,
294,Line,,242,,,267,263,None,Arrow,,,,
295,Line,,242,,,265,271,None,Arrow,,,,
296,Line,,242,,,277,278,None,Arrow,,Key Path Spend,,
297,Line,,242,,,265,279,None,Arrow,,Script Path Spend,,
298,Page,,,,,,,,,,$DOG Swap,,
299,Process,Flowchart Shapes/Containers,298,,,,,,,,,,
300,Process,Flowchart Shapes/Containers,298,,,,,,,,,,
301,User Image,User Images,298,,,,,,,,,,
302,MinimalTextBlock,Standard,298,,,,,,,,BTC Token,,
303,MinimalTextBlock,Standard,298,,,,,,,,$KOR UTXO,,
304,Process,Flowchart Shapes/Containers,298,,,,,,,,,,
305,MinimalTextBlock,Standard,298,,,,,,,,$KOR Balance,,
306,User Image,User Images,298,,,,,,,,,,
307,Process,Flowchart Shapes/Containers,298,,,,,,,,,,
308,User Image,User Images,298,,,,,,,,,,
309,User Image,User Images,298,,,,,,,,,,
310,User Image,User Images,298,,,,,,,,,,
311,User Image,User Images,298,,,,,,,,,,
312,User Image,User Images,298,,,,,,,,,,
313,MinimalTextBlock,Standard,298,,,,,,,,Kontor Contract,,
314,Line,,298,,,299,300,None,Arrow,,"PSBT
Atomic
Swap",,
315,Line,,298,,,300,304,None,Arrow,,Detach,,
316,Line,,298,,,304,307,None,Arrow,,"Kontor 
Contract Call",,
317,Line,,298,,,299,303,Arrow,None,,"PSBT
Atomic
Swap",,
318,Page,,,,,,,,,,Storage,,
319,Process,Flowchart Shapes/Containers,318,,,,,,,,,,
320,Process,Flowchart Shapes/Containers,318,,,,,,,,,,
321,User Image,User Images,318,,,,,,,,,,
322,MinimalTextBlock,Standard,318,,,,,,,,BTC Token,,
323,MinimalTextBlock,Standard,318,,,,,,,,$KOR UTXO,,
324,Process,Flowchart Shapes/Containers,318,,,,,,,,,,
325,MinimalTextBlock,Standard,318,,,,,,,,$KOR Balance,,
326,User Image,User Images,318,,,,,,,,,,
327,Process,Flowchart Shapes/Containers,318,,,,,,,,,,
328,MinimalTextBlock,Standard,318,,,,,,,,Storage Space,,
329,ImageSearchBlock2,Standard,318,,,,,,,,,,
330,User Image,User Images,318,,,,,,,,,,
331,User Image,User Images,318,,,,,,,,,,
332,User Image,User Images,318,,,,,,,,,,
333,User Image,User Images,318,,,,,,,,,,
334,MinimalTextBlock,Standard,318,,,,,,,,inscribing a sat/registering a counterparty asset and uploading the image data for the asset to Kontor,,
335,Line,,318,,,319,320,None,Arrow,,"PSBT
Atomic
Swap",,
336,Line,,318,,,320,324,None,Arrow,,Detach,,
337,Line,,318,,,324,327,None,Arrow,,"Kontor 
Contract Call",,
338,Line,,318,,,319,323,Arrow,None,,"PSBT
Atomic
Swap",,
339,Page,,,,,,,,,,L2 vs Metaprotocols,,
340,Process,Flowchart Shapes/Containers,339,,,,,,,,Bitcoin Layer-1,,
341,Cloud,Geometric Shapes,339,,,,,,,,Layer-2s,,
342,Process,Flowchart Shapes/Containers,339,,,,,,,,,,
343,User Image,User Images,339,,,,,,,,,,
344,User Image,User Images,339,,,,,,,,,,
345,Connector,Flowchart Shapes/Containers,339,,,,,,,,Ord,,
346,Line,,339,,,341,340,Equilateral Arrow,Equilateral Arrow,,"Two-Way
BTC Peg",,
347,Line,,339,,,340,342,Equilateral Arrow,Equilateral Arrow,,Embedded Consensus,,
348,Line,,339,,,340,342,Equilateral Arrow,Equilateral Arrow,,,,
349,Line,,339,,,340,342,Equilateral Arrow,Equilateral Arrow,,,,
350,Line,,339,,,344,345,Equilateral Arrow,Equilateral Arrow,,,,
351,Line,,339,,,343,344,Equilateral Arrow,Equilateral Arrow,,,,
352,Line,,339,,,345,343,Equilateral Arrow,Equilateral Arrow,,,,
353,Page,,,,,,,,,,L2 vs Metaprotocols v2,,
354,Block,Standard,353,,,,,,,,,,
355,MinimalTextBlock,Standard,353,,,,,,,,Bitcoin Blockchain,,
356,User Image,User Images,353,,,,,,,,,,
357,User Image,User Images,353,,,,,,,,,,
358,Process,Flowchart Shapes/Containers,353,,,,,,,,Ord,,
359,Block,Standard,353,,,,,,,,,,
360,User Image,User Images,353,,,,,,,,,,
361,User Image,User Images,353,,,,,,,,,,
362,Block,Standard,353,,,,,,,,,,
363,User Image,User Images,353,,,,,,,,,,
364,User Image,User Images,353,,,,,,,,,,
365,Process,Flowchart Shapes/Containers,353,,,,,,,,Ord,,
366,User Image,User Images,353,,,,,,,,,,
367,Cloud,Geometric Shapes,353,,,,,,,,L2,,
368,Line,,353,,,358,356,Equilateral Arrow,Equilateral Arrow,,,,
369,Line,,353,,,358,357,Equilateral Arrow,Arrow,,,,
370,Line,,353,,,357,356,Equilateral Arrow,Arrow,,,,
371,Line,,353,,,361,360,Equilateral Arrow,Equilateral Arrow,,,,
372,Line,,353,,,366,361,Equilateral Arrow,Arrow,,,,
373,Line,,353,,,366,360,Equilateral Arrow,Arrow,,,,
374,Line,,353,,,354,359,None,Arrow,,,,
375,Line,,353,,,365,363,Equilateral Arrow,Equilateral Arrow,,,,
376,Line,,353,,,365,364,Equilateral Arrow,Arrow,,,,
377,Line,,353,,,364,363,Equilateral Arrow,Arrow,,,,
378,Line,,353,,,359,362,None,Arrow,,,,
379,Line,,353,,,362,,None,Arrow,,,,
380,Line,,353,,,367,359,Arrow,Arrow,,"Two-Way
Peg",,
381,Page,,,,,,,,,,||||||||||||||||||||||||,,
382,Page,,,,,,,,,,Original,,
383,Connector,Flowchart Shapes/Containers,382,,,,,,,,,,
384,Process,Flowchart Shapes/Containers,382,,,,,,,,Counterparty Protocol,,
385,Process,Flowchart Shapes/Containers,382,,,,,,,,"Counterparty Assets (RARE PEPES, DARTT)",,
386,Process,Flowchart Shapes/Containers,382,,,,,,,,Infrastructure (Horizon),,
387,Process,Flowchart Shapes/Containers,382,,,,,,,,XCP,,
388,Process,Flowchart Shapes/Containers,382,,,,,,,,Kontor Protocol,,
389,Process,Flowchart Shapes/Containers,382,,,,,,,,KOR,,
390,Process,Flowchart Shapes/Containers,382,,,,,,,,BTC,,
391,Process,Flowchart Shapes/Containers,382,,,,,,,,Ordinals,,
392,Block,Standard,382,,,,,,,,Unspendable Labs,,
393,Process,Flowchart Shapes/Containers,382,,,,,,,,DARTT Token Standard,,
394,Process,Flowchart Shapes/Containers,382,,,,,,,,Glyphs,,
395,Block,Standard,382,,,,,,,,Airdrop,,
396,Block,Standard,382,,,,,,,,"Kontor Data Storage  distinguishing between protocols and their assets.  We want Kontor assets outside the circle, but we also want the Ordinals protocol inside the circle and pointing back at Horizon.  
Within the circle maybe segregate the stuff we develop from the stuff support (but both types of stuff should point back to ‘Infrastructure’), and there should be a box outside of all of it and “Unspendable Labs” and Unspendable Labs above it.  
Last thing, @Shiv Govindan maybe you can weigh in here: do we want to include our market making through Horizon as a connection point across the different L2 assets?",,
397,Line,,382,,,384,387,Arrow,Arrow,,,,
398,Line,,382,,,388,389,Arrow,Arrow,,,,
399,Line,,382,,,390,383,Arrow,Arrow,,,,
400,Line,,382,,,386,388,None,Arrow,,Users,,
401,Line,,382,,,384,388,None,Arrow,,,,
402,Line,,382,,,387,389,None,Arrow,,,,
403,Line,,382,,,384,386,None,Arrow,,Users,,
404,Line,,382,,,391,383,Arrow,Arrow,,,,
405,Line,,382,,,385,383,Arrow,Arrow,,,,
406,Page,,,,,,,,,,Synergy 0,,
407,Block,Standard,406,,,,,,,,Horizon Wallet,,
408,Process,Flowchart Shapes/Containers,406,,,,,,,,BTC,,
409,Block,Standard,406,,,,,,,,Horizon Wallet,,
410,Process,Flowchart Shapes/Containers,406,,,,,,,,XCP,,
411,Block,Standard,406,,,,,,,,Horizon Market,,
412,Connector,Flowchart Shapes/Containers,406,,,,,,,,Counterparty,,
413,Connector,Flowchart Shapes/Containers,406,,,,,,,,Kontor,,
414,Connector,Flowchart Shapes/Containers,406,,,,,,,,Unspendable Labs,,
415,Line,,406,,,408,413,Arrow,Arrow,,Swap,,
416,Line,,406,,,410,413,Arrow,Arrow,,Swap,,
417,Line,,406,,,407,411,None,Arrow,,Buy,,
418,Line,,406,,,409,411,None,Arrow,,Sell,,
419,Line,,406,,,411,414,None,Arrow,,​- Subscription Fees - Market Making,,
420,Line,,406,,,413,414,None,Arrow,,Token Appreciation,,
421,Page,,,,,,,,,,UTXO Atomic Swap,,
422,Block,Standard,421,,,,,,,,,,
423,Block,Standard,421,,,,,,,,,,
424,Process,Flowchart Shapes/Containers,421,,,,,,,,BTC,,
425,Process,Flowchart Shapes/Containers,421,,,,,,,,Counterparty Asset,,
426,Process,Flowchart Shapes/Containers,421,,,,,,,,Counterparty Asset,,
427,Block,Standard,421,,,,,,,,,,
428,Process,Flowchart Shapes/Containers,421,,,,,,,,Post Order,,
429,Block,Standard,421,,,,,,,,Counterparty,,
430,Block,Standard,421,,,,,,,,UTXO Land,,
431,Line,,421,,,425,426,None,Arrow,,Attach,,
432,Line,,421,,,426,428,None,Arrow,,,,
433,Line,,421,,,428,424,None,Arrow,,,,
434,Line,,421,,,424,426,None,Arrow,,4. Atomic Swap,,
435,Page,,,,,,,,,,Bitcoin L2,,
436,Block,Standard,435,,,,,,,,,,
437,Process,Flowchart Shapes/Containers,435,,,,,,,,Infrastructure (Horizon),,
438,Block,Standard,435,,,,,,,,,,
439,Block,Standard,435,,,,,,,,,,
440,Process,Flowchart Shapes/Containers,435,,,,,,,,Glyphs,,
441,Process,Flowchart Shapes/Containers,435,,,,,,,,Counterparty Protocol,,
442,Process,Flowchart Shapes/Containers,435,,,,,,,,XCP,,
443,Process,Flowchart Shapes/Containers,435,,,,,,,,Kontor Protocol,,
444,Process,Flowchart Shapes/Containers,435,,,,,,,,KOR,,
445,Process,Flowchart Shapes/Containers,435,,,,,,,,BTC,,
446,Process,Flowchart Shapes/Containers,435,,,,,,,,Ordinals,,
447,Block,Standard,435,,,,,,,,Unspendable Labs,,
448,Process,Flowchart Shapes/Containers,435,,,,,,,,DARTT Token Standard,,
449,Process,Flowchart Shapes/Containers,435,,,,,,,,Glyphs,,
450,Block,Standard,435,,,,,,,,Bitcoin UTXOs,,
451,Block,Standard,435,,,,,,,,Off-Chain,,
452,Block,Standard,435,,,,,,,,Bitcoin L2,,
453,Line,,435,,,441,442,Arrow,Arrow,,,,
454,Line,,435,,,443,444,Arrow,Arrow,,,,
455,Line,,435,,,445,,Arrow,Arrow,,,,
456,Line,,435,,,437,443,None,Arrow,,Users,,
457,Line,,435,,,441,443,None,Arrow,,,,
458,Line,,435,,,442,444,None,Arrow,,Air Drop,,
459,Line,,435,,,441,437,None,Arrow,,Users,,